"Item","Name Given by the Gazetteer of Canada or Description","Local Name","General Location","Location Reference (Gazetteer of Canada Reference System)"
"3","Duck Lake","","south of Kootenay Lake, Kootenay District","49°14′08″ 116°38′20″"
"4","Jim Smith Lake","","head of Jim Smith Creek, southwest of Cranbrook, Kootenay District","49°28′49″ 49°28′49″"
"5","Tsitniz Lake","","expansion of Tsitniz Creek, Cariboo District","53°40′52″ 122°10′42″"
"6","Kemp Lake","","west of Sooke harbour, Sooke","48°22′45″ 123°46′51″"
"7","Nancy Greene Lake","Sheep Lake","near Kinnaird","49°15′12″ 117°56′40″"
"8","Cecil Lake","","near Fort St. John","56°20′13″ 120°36′07″"
"9","Unnamed lake","Antler Lake","near Gold River","49°48′17″ 126°03′06″"
"10","Champion Lakes","","near Trail","49°11′06″ 117°36′48″"
"11","Bridal Lake","","near Creston","49°03′37″ 117°02′24″"
"12","Norbury Lakes","Peckhams Lake and Garbutts Lake","near Cranbrook","49°31′57″ 115°28′54″"
"13","Bear Lake","","Crooked River Provincial Park, Cariboo District","54°28′37″ 122°40′36″"
"14","Unnamed lake","Squaw Lake","west of Crooked River, Cariboo District","54°29′00″ 122°42′00″"
"15","Burnaby Lake","","near New Westminster","49°14′35″ 122°56′46″"
"16","Deer Lake","","near Burnaby","49°14′10″ 122°58′19″"
"17","Blackburn Lake","","Saltspring Island","48°49′19″ 123°29′04″"
"18","Lightning Lake","","Manning Park","49°02′58″ 120°50′25″"
"19","Mike Lake","","Golden Ears Park","49°16′29″ 122°32′26″"
"20","Rolley Lake","","Rolley Lake Park","49°14′42″ 122°23′11″"
"21","Alice Lake","","Alice Lake Park","49°46′43″ 123°07′18″"
"22","Browning Lake","","east of Watts Point, Howe Sound","49°38′39″ 123°12′22″"
"23","Davis Lake","","Davis Lake Park","49°17′55″ 122°14′33″"
"25","Glen Lake","","near Victoria","48°26′13″ 123°31′19″"
"26","Horseshoe Lake","","southeast of Fort Steel","49°34′22″ 115°31′09″"
"27","Kathlyn Lake","Kathlyn Lake","near Smithers","54°49′27″ 127°12′21″"
"28","Ispah Lake","","near Prince George","53°39′59″ 122°09′39″"
"29","Trout Lake","","Sasquatch Provincial Park","49°20′55″ 121°44′19″"
"30","Lower Elk Lake","","Elk Lake Provincial Park","50°33′02″ 115°05′20″"
"31","Upper Elk Lake","","Elk Lake Provincial Park","50°33′09″ 115°06′30″"
"32","Donner Lake","","Strathcona Provincial Park","49°43′11″ 125°54′06″"
"33","Unnamed lake","Hidden Lake","Kikomun Creek Provincial Park","49°15′06″ 115°14′26″"
"34","Seymour Lake","","near Smithers","54°44′35″ 127°09′34″"
"35","Hush Lake","","near Quesnel","53°09′09″ 122°21′37″"
"36","Stein Lake","","near Lytton","50°09′41″ 122°11′04″"
"37","Rosebud Lake","","near Salmo","49°02′51″ 117°16′00″"
"38","Unnamed lake","Grace Lake","northwest of Harrison Hot Springs","49°19′57″ 121°51′47″"
"39","Unnamed lake","Francis Lake","northwest of Harrison Hot Springs","49°20′39″ 121°51′01″"
"40","Unnamed lake","Bear Lake","northeast of Harrison Hot Springs","49°19′05″ 121°44′03″"
"41","Unnamed lake","Wood Lake","northwest of Harrison Hot Springs","49°27′30″ 121°51′21"
"42","Unnamed lake","Wolf Lake","northwest of Harrison Hot Springs","49°19′40″ 121°51′36″"
"43","Michael Lake","","near Ladysmith","49°02′25″ 123°48′36″"
"44","Cranberry Lake","","near Powell River","49°52′03″ 124°30′56″"
"45","Prior Lake","","near Victoria","48°28′35″ 123°28′01″"
"46","McKenzie Lake","","near Victoria","48°28′55″ 123°28′50″"
"48","Surveyor’s Lake","","Kikomun Creek Park","49°14′44″ 115°14′08″"
"49","Unnamed lake","Stink Lake","Kikomun Creek Park","49°14′27″ 115°14′23″"
"50","Unnamed lake","Fisher Lake","Kikomun Creek Park","49°14′22″ 115°14′10″"
"51","Unnamed lake","Muskrat Lake","Kikomun Creek Park","49°14′10″ 115°13′59″"
"52","Spider Lake","","west of Qualicum Beach","49°20′37″ 124°37′42″"
"53","Illusion Lakes","","west of Qualicum Beach","49°21′09 124°38′16″"
"54","Fly Lake","","north of 100 Mile House","51°54′23″ 121°18′53″"
"55","Jackfish Lake","","southeast of Fort Nelson","55°48′02″ 121°30′27″"
"57","Kitimat River","","north of Kitimat Arm","54°00′39″ 128°39′44″"
"58","Holland Lake","","southwest of Ladysmith","48°56′53″ 123°51′55″"
"59","Provost Dam","","southwest of Ladysmith","48°55′58″ 123°54′37″"
"60","Stocking Lake","","southwest of Ladysmith","48°57′35″ 123°49′31″"
"61","Emerald Lake","","approximately 57 km north of Prince George","54°25′35″ 122°36′32″"
"62","Yakoun River","","Queen Charlotte Islands","53°39′ 132°12′"
"63","Lakelse Rivert","","Terrace","54°25′ 128°40′"
"64","Radar Lake","","Dawson Creek","55°40′ 120°21′"
"65","La Salle Lakes","","McBride","53°31′ 120°40′"
"68","Echo Lake","","south of Fort St. James","54°13′ 124°13′"
"69","Ferguson Lake, southeast of Nukko and Swamp Lakes, northwest of Prince George","","Prince George","54°02′14″ 122°50′46″"
"70","Unnamed lake; a small lake northwest of Moberly Lake, between Chetwynd and Hudson Hope","South Cameron Lake","Moberly Lake Chetwynd","55°51′14″ 121°53′31″"
"74","Little Heffley Lake","","Kamloops","50°51′ 120°06′"
"76","Whonnock Lake","","Maple Ridge","49°13′ 122°27′"
"79","Kwitzil Lake","","west of Prince George","53°51′ 123°15′"
"81","Unnamed lake","Boulder Lake","south of Chetwynd","55°20′ 121°38′"
"87","Rosen Lake","","Read Island","50°09′ 125°08′"
"88","Donnely Lake","","100 Mile House","51°45′ 120°40′"