"SPECIES_TYPE","COMMON_NAME","SCIENTIFIC_NAME","SPECIES_CODE"
"Species","American Shad","Alosa sapidissima","SH"
"Species","Anadromous Bull Trout",,"ABT"
"Species","Arctic Char","Salvelinus alpinus","AC"
"Species","Arctic Cisco","Coregonus autumnalis","CA"
"Species","Arctic Grayling","Thymallus arcticus","GR"
"Species","Arctic Lamprey","Lampetra ?","AL"
"Species","Arctic Smelt",,"ASM"
"Species","Atlantic Salmon","Salmo salar","AS"
"Species","Bering Cisco",,"CB"
"Species","Black Catfish (formerly Black Bullhead)","Ameiurus melas","BKH"
"Species","Black Crappie","Pomoxis nigromaculatus","BCB"
"Species","Blotched Snakehead","Channa maculata","CHMC"
"Species","Bluegill","Lepomis macrochirus","BG"
"Species","Brassy Minnow","Hybognathus hankinsoni","BMC"
"Species","Bridgelip Sucker","Catastomus columbianus","BSU"
"Species","Broad Whitefish","Coregonus nasus","BW"
"Species","Brook Stickleback","Culaea inconstans","BSB"
"Species","Brook Trout","Salvelinus fontinalis","EB"
"Species","Brown Catfish (formerly Brown Bullhead)","Ameiurus nebulosus","BNH"
"Species","Brown Trout","Salmo trutta","GB"
"Species","Bull Trout","Salvelinus confluentus","BT"
"Species","Burbot","Lota lota","BB"
"Species","Carp","Cyprinus carpio","CP"
"Species","Carp (General)","Cyprinus sp.","CPG"
"Species","Charlotte Unarmoured Stickleback","Gasterosteus sp","SB3"
"Species","Chinook Salmon","Oncorhynchus tshawytscha","CH"
"Species","Chiselmouth (formerly Chiselmouth Chub)","Acrocheilus alutaceus","CMC"
"Species","Chum Salmon","Oncorhynchus keta","CM"
"Species","Coarse Rams-horn","Planorbulla binneyi","PLABIN"
"Species","Coastrange Sculpin (formerly Aleutian Sculpin)","Cottus aleuticus","CAL"
"Species","Coho Salmon","Oncorhynchus kisutch","CO"
"Species","Columbia Sculpin","Cottus hubbsi","CCH"
"Species","Crescent Gunnel","Pholis laeta","CGU"
"Species","Cultus Lake Sculpin","Cottus sp","CCL"
"Species","Cutthroat Trout","Oncorhynchus clarki","CT"
"Species","Deepwater Sculpin","Myoxocephalus thompsoni (quadricornis?)","CMT"
"Species","Dolly Varden","Salvelinus malma","DV"
"Species","Dungeness Crab","Cancer magister","CANMAG"
"Species","Emerald Shiner","Notropis atherinoides","ESC"
"Species","Eulachon","Thaleichthys pacificus","EU"
"Species","Fathead Minnow","Pimephales promelas","FM"
"Species","Finescale Dace","Phoxinus neogaeus","FDC"
"Species","Fingernail Clam (General)","Sphaeridae sp.","SPHAER"
"Species","Fish Unidentified Species",,"SP"
"Species","Fish are either DV or BT, but suspect they are BT",,"BT/DV"
"Species","Fish are either DV or BT, but suspect they are DV",,"DV/BT"
"Species","Fish are either RB or CT, but suspect they are CT",,"CT/RB"
"Species","Fish are either RB or CT, but suspect they are RB",,"RB/CT"
"Species","Flathead Chub","Platygobio gracilis","FHC"
"Species","Fragile Ancylid","Ferrissia fragilis","FERFRA"
"Species","Giant Pygmy Whitefish","Prosopium sp","GPW"
"Species","Giant Stickleback","Gasterosteus sp","SB8"
"Species","Golden Trout",,"GT"
"Species","Goldeye","Hiodon alosoides","GE"
"Species","Goldfish","Carassius auratus","GC"
"Species","Great Sculpin","Myoxocephalus polyacanthocepalus","CMP"
"Species","Green Sturgeon","Acipenser medirostris","GSG"
"Species","Inconnu","Stenodus leucichthys","IN"
"Species","Kokanee","Oncorhynchus nerka","KO"
"Species","Lake Chub","Couesius plumbeus","LKC"
"Species","Lake Cisco","Coregonus artedii","CL"
"Species","Lake Lamprey","Lampetra macrostoma","LL"
"Species","Lake Trout","Salvelinus namaycush","LT"
"Species","Lake Whitefish","Coregonus clupeaformis","LW"
"Species","Largemouth Bass","Micropterus salmoides","LMB"
"Species","Largescale Sucker","Catostomus macrocheilus","CSU"
"Species","Least Cisco","Coregonus sardinella","CS"
"Species","Leopard Dace","Rhynichthys falcatus","LDC"
"Species","Longfin Smelt","Spirinchus thaleichthys","LSM"
"Species","Longnose Dace","Rhynichthys cataractae","LNC"
"Species","Longnose Sucker","Catostomus catostomus","LSU"
"Species","Malheur Mottled Sculpin","Cottus bendirei","CMM"
"Species","Mimic Lymnaea","Pseudosuccinea columella","PSECOL"
"Species","Morrison Creek Lamprey","Lampetra richardsoni marifaga","MCL"
"Species","Mosquitofish","Gambusia sp","GAM"
"Species","Mottled Sculpin","Cottus bairdi","CBA"
"Species","Mountain Whitefish","Prosopium williamsoni","MW"
"Species","Mussel Unidentified Species",,"MSP"
"Species","Ninespine Stickleback","Pungitius pungitius","NSB"
"Species","No Fish Caught",,"NFC"
"Species","Nooksack Dace","Rhinichthys sp","NDC"
"Species","Northern Anchovy","Engraulis mordax","ENMO"
"Species","Northern Mountain Sucker","Catostomus platyhyncus","MSU"
"Species","Northern Pearl Dace","Margariscus margarita","PDC"
"Species","Northern Pike","Esox lucius","NP"
"Species","Northern Pikeminnow","Ptychocheilus oregonensis","NSC"
"Species","Northern Redbelly Dace","Phoxinus eos","RDC"
"Species","Oriental Weatherfish","Misgurnus anguillicaudatus","OWF"
"Species","Pacific Lamprey","Lampetra tridentata","PL"
"Species","Pacific Sand Lance","Ammodytes hexapterus","AMHE"
"Species","Pea Clam (Pisidium spp. General)","Pisidium sp.","PISID"
"Species","Peamouth Chub","Mylocheilus caurinus","PCC"
"Species","Pink Salmon","Oncorhynchus gorbuscha","PK"
"Species","Pond Fingernail Clam","Musculium securis","MUSSEC"
"Species","Prickly Sculpin","Cottus asper","CAS"
"Species","Pumpkinseed","Lepomis gibbosus","PMB"
"Species","Pygmy Longfin Smelt","Spirincus sp","PLS"
"Species","Pygmy Whitefish","Prosopium coulteri","PW"
"Species","Rainbow Smelt","Osmerus mordax","RSM"
"Species","Rainbow Trout","Oncorhynchus mykiss","RB"
"Species","Red Swamp Crayfish","Procambarus clarkii","PROCLA"
"Species","Redside Shiner","Richardsonius balteatus","RSC"
"Species","Rhomboid Fingernail Clam","Sphaerium rhomboideum","SPHRHO"
"Species","River Lamprey","Lampetra ayresi","RL"
"Species","Rough Rams-horn","Planorbella subcrenata","PLASUB"
"Species","Round Whitefish","Prosopium cyclindraceum","RW"
"Species","Salish Sucker","Catostomus sp","SSU"
"Species","Sharpnose Sculpin","Cinocottus acuticeps","CCA"
"Species","Shiner Perch","Cymatogaster aggregate","CYAG"
"Species","Shorthead Sculpin","Cottus confusus","CCN"
"Species","Signal Crayfish","Pacifastacus leniusculus","CRA"
"Species","Slimy Sculpin","Cottus cognatus","CCG"
"Species","Smallmouth Bass","Micropterus dolomieui","SMB"
"Species","Sockeye Salmon","Oncorhynchus nerka","SK"
"Species","Speckled Dace","Rhynichthys osculus","SDC"
"Species","Spoonhead Sculpin","Cottus ricei","CRI"
"Species","Spottail Shiner","Notropis hudsonius","STC"
"Species","Squanga","Coregonus sp","SQ"
"Species","Staghorn Sculpin","Leptocottus armatus","CLA"
"Species","Starry Flounder","Platichths stellatus","SFL"
"Species","Surf Smelt","Hypomesus pretiosus","SSM"
"Species","Tadpole Physa","Physa gyrina","PHYGYR"
"Species","Tench","Tinca tinca","TC"
"Species","Threespine Stickleback","Gasterosteus aculeatus","TSB"
"Species","Tidepool Sculpin","Oligocottus maculosus","COM"
"Species","Torrent Sculpin","Cottus rhotheus","CRH"
"Species","Trout-perch","Percopsis omiscomaycus","TP"
"Species","Ubiquitous Pea Clam","Pisidium castertanum","PICAS"
"Species","Umatilla Dace","Rhynichthys umatilla","UDC"
"Species","Unarmoured Stickleback","Gasterosteus sp.","CSB"
"Species","Unidentifiable Trout - only fry <70mm in length ","Oncorhynchus sp","TR"
"Species","Walleye","Sander vitreus (formerly Stizostedion vitreum 10/05)","WP"
"Species","Western Brook Lamprey","Lampetra richardsoni","BL"
"Species","Western Floater Mussel","Anodonta kennerlyi/oregonensis","ANOKEN"
"Species","Western Pearlshell Mussel","Margaritifera falcata ","MARFAL"
"Species","Western Ridged Mussel","Gonidea angulata ","GONANG"
"Species","White Sturgeon","Acipenser transmontanus","WSG"
"Species","White Sucker","Catostomus commersoni","WSU"
"Species","Winged Floater Mussel","Anodonta californiensis/nuttalliana","ANOCAL"
"Species","Yellow Bullhead","Ameiurus natalis","YB"
"Species","Yellow Perch","Perca flavescens","YP"
"Sub-Species","Balkwill Lake Benthic Stickleback","Gasterosteus sp","SB1"
"Sub-Species","Balkwill Lake Limnetic Stickleback","Gasterosteus sp","SB2"
"Sub-Species","Brook Trout (Anadromous)","Salvelinus fontinalis","AEB"
"Sub-Species","Brown Trout (Anadromous)","Salmo trutta","AGB"
"Sub-Species","Coastal Cutthroat Trout","Oncorhynchus clarki clarki","CCT"
"Sub-Species","Cutthroat Trout (Anadromous)","Oncorhynchus clarki","ACT"
"Sub-Species","Dolly Varden (Anadromous)","Salvelinus malma","ADV"
"Sub-Species","Emily Lake Benthic Stickleback","Gasterosteus sp","SB4"
"Sub-Species","Emily Lake Limnetic Stickleback","Gasterosteus sp","SB5"
"Sub-Species","Enos Lake Benthic Stickleback","Gasterosteus sp","SB6"
"Sub-Species","Enos Lake Limnetic Stickleback","Gasterosteus sp","SB7"
"Sub-Species","Misty Lake Lake Stickleback","Gasterosteus sp","SB14"
"Sub-Species","Misty Lake Stream Stickleback","Gasterosteus sp","SB15"
"Sub-Species","Paxton Lake Benthic Stickleback","Gasterosteus sp","SB12"
"Sub-Species","Paxton Lake Limnetic Stickleback","Gasterosteus sp","SB13"
"Sub-Species","Priest Lake Benthic Stickleback","Gasterosteus sp","SBB"
"Sub-Species","Priest Lake Limnetic Stickleback","Gasterosteus sp","SBP"
"Sub-Species","Steelhead","Oncorhynchus mykiss","ST"
"Sub-Species","Steelhead (Summer-run)","Oncorhynchus mykiss","SST"
"Sub-Species","Steelhead (Winter-run)","Oncorhynchus mykiss","WST"
"Sub-Species","Westslope (Yellowstone) Cutthroat Trout","Oncorhynchus clarki lewisi","WCT"
"Extinct","Dragon Lake Whitefish","Coregonus Sp 1","DLW"
"Extinct","Hadley Lake Benthic Stickleback","Gasterosteus sp","SB9"
"Extinct","Hadley Lake Limnetic Stickleback","Gasterosteus sp","SB10"
"Hybrid","Cutthroat/Rainbow cross",,"CRS"
"Hybrid","Mountain x Round Whitefish hybrid",,"MWxRW"
"Hybrid","Northern Redbelly Dace x Finescale Dace","Phoxinus eos (Cope) x Phoxinus neogaeus (Cope)","XDC"
"Hybrid","Splake","Salvelinus fontinalis x namaycush","SPK"
"Hybrid","Tiger Muskellunge","Esox lucius x E. Masquinongy","TMP"
"Hybrid","Verified DV BT hybrid",,"DVxBT"
"General","All Fish",,"AF"
"General","All Salmon","Oncorhynchus sp","AO"
"General","Bass/Sunfish (General)","Micropterus sp; Lepomis sp; Pomoxis sp","BS"
"General","Bullhead (General)","Ameiurus sp","BH"
"General","Char, General","Salvelinus","SLV"
"General","Chub (General)",,"CBC"
"General","Coarse or non-game fish",,"OS"
"General","Dace (General)","Rhinichthys sp; Phoxinus sp","DC"
"General","Floater Mussel (General)","Anodonta sp","ANODON"
"General","Freshwater Snail (General)","Gastopoda","FWS"
"General","Lake Sticklebacks","Gasterosteus sp","SB11"
"General","Lamprey (General)","Lampetra sp","L"
"General","Minnow (General)",,"C"
"General","Montana Grayling",,"MG"
"General","No Fish Caught (BC Lakes Pre-1996)",,"ZZZ"
"General","No Fish Present",,"NFP"
"General","No Fish in Waterbody",,"XXX"
"General","No Mussels Found",,"NMF"
"General","Perch (General)","Perca sp; Stizostedion sp","P"
"General","Rocky Mountain Sculpin","Cottus sp.","CRM"
"General","Salmon (General)","Oncorhynchus sp","SA"
"General","Sculpin (General)","Cottus sp","CC"
"General","Smelt (General)",,"SM"
"General","Stickleback (General)","Gasterosteus sp","SB"
"General","Sturgeon (General)","Acipenser sp","SG"
"General","Sucker (General)","Catostomus sp","SU"
"General","Whitefish (General)","Prosopium sp; Coregonus sp; Stenodus sp","WF"
